,count,mean,std,min,5%,25%,50%,75%,95%,max,n_missing
population,1795.0,0.05714206128133706,0.12530995856645682,0.0,0.0,0.01,0.02,0.05,0.21,1.0,0
householdsize,1795.0,0.4643231197771588,0.16463034602053558,0.0,0.24,0.35,0.44,0.54,0.78,1.0,0
racepctblack,1795.0,0.1794874651810585,0.253857121995703,0.0,0.0,0.02,0.06,0.23,0.8229999999999995,1.0,0
racePctWhite,1795.0,0.7532924791086351,0.24488825455225932,0.0,0.23,0.63,0.85,0.94,0.98,1.0,0
racePctAsian,1795.0,0.1537381615598886,0.20809163272943693,0.0,0.01,0.04,0.08,0.17,0.62,1.0,0
racePctHisp,1795.0,0.14489693593314762,0.23371467794593748,0.0,0.01,0.01,0.04,0.16,0.7229999999999995,1.0,0
agePct12t21,1795.0,0.4248857938718663,0.1564507601448868,0.0,0.24,0.33,0.4,0.47,0.7229999999999995,1.0,0
agePct12t29,1795.0,0.49388300835654597,0.1443291393434863,0.0,0.31,0.41,0.47,0.54,0.79,1.0,0
agePct16t24,1795.0,0.3367799442896936,0.16815509523173472,0.0,0.18,0.25,0.29,0.36,0.72,1.0,0
agePct65up,1795.0,0.4238941504178273,0.1792146248669713,0.0,0.14,0.3,0.42,0.53,0.73,1.0,0
numbUrban,1795.0,0.06358217270194987,0.12678044520887857,0.0,0.0,0.0,0.03,0.07,0.22299999999999956,1.0,0
pctUrban,1795.0,0.6935933147632312,0.4459160170588897,0.0,0.0,0.0,1.0,1.0,1.0,1.0,0
medIncome,1795.0,0.3614874651810585,0.21167528463389867,0.0,0.11,0.2,0.32,0.49,0.79,1.0,0
pctWWage,1795.0,0.5573481894150418,0.18328383447765836,0.0,0.24,0.44,0.56,0.69,0.84,1.0,0
pctWFarmSelf,1795.0,0.292050139275766,0.20336283137751113,0.0,0.07,0.16,0.23,0.37,0.7129999999999995,1.0,0
pctWInvInc,1795.0,0.4964568245125348,0.179938155800785,0.0,0.23,0.37,0.48,0.62,0.82,1.0,0
pctWSocSec,1795.0,0.4712757660167131,0.1738776375194121,0.0,0.18,0.35,0.48,0.59,0.74,1.0,0
pctWPubAsst,1795.0,0.31906963788300835,0.2245291695764082,0.0,0.06,0.14,0.26,0.44,0.79,1.0,0
pctWRetire,1795.0,0.4776267409470752,0.16791775126792782,0.0,0.22,0.36,0.47,0.58,0.7729999999999996,1.0,0
medFamInc,1795.0,0.37628412256267413,0.20102124312649947,0.0,0.14,0.23,0.33,0.48,0.7629999999999996,1.0,0
perCapInc,1795.0,0.35083008356545964,0.19373127726344755,0.0,0.13,0.22,0.3,0.43,0.7629999999999996,1.0,0
whitePerCap,1795.0,0.3684958217270195,0.18933483685044755,0.0,0.16,0.24,0.32,0.44,0.7729999999999996,1.0,0
blackPerCap,1795.0,0.2921002785515321,0.17348673955516924,0.0,0.08,0.17,0.25,0.38,0.62,1.0,0
indianPerCap,1795.0,0.20238997214484677,0.16594422075892842,0.0,0.0,0.11,0.17,0.25,0.5059999999999991,1.0,0
AsianPerCap,1795.0,0.32502506963788297,0.19835734826251322,0.0,0.07,0.19,0.29,0.4,0.7329999999999995,1.0,0
OtherPerCap,1794.0,0.2838182831661093,0.1908459237865482,0.0,0.0,0.17,0.25,0.36,0.66,1.0,1
HispPerCap,1795.0,0.38683008356545956,0.18471144626412625,0.0,0.16,0.26,0.34,0.48,0.77,1.0,0
NumUnderPov,1795.0,0.055348189415041785,0.12749069824555487,0.0,0.0,0.01,0.02,0.05,0.21,1.0,0
PctPopUnderPov,1795.0,0.30473537604456824,0.23129265619855516,0.0,0.04,0.11,0.25,0.45,0.75,1.0,0
PctLess9thGrade,1795.0,0.3158495821727019,0.21523234106299508,0.0,0.07,0.16,0.27,0.42,0.76,1.0,0
PctNotHSGrad,1795.0,0.38293593314763225,0.20400618013721086,0.0,0.09,0.23,0.36,0.51,0.75,1.0,0
PctBSorMore,1795.0,0.36360445682451253,0.21142582682275166,0.0,0.12,0.21,0.31,0.46,0.8129999999999996,1.0,0
PctUnemployed,1795.0,0.3638551532033426,0.2040418267881847,0.0,0.1,0.21,0.32,0.48,0.75,1.0,0
PctEmploy,1795.0,0.4996155988857938,0.1747596450437095,0.0,0.2,0.38,0.51,0.62,0.77,1.0,0
PctEmplManu,1795.0,0.3954763231197771,0.20314811603307698,0.0,0.11,0.25,0.37,0.52,0.78,1.0,0
PctEmplProfServ,1795.0,0.44254038997214484,0.17624918988519597,0.0,0.21,0.32,0.41,0.53,0.7829999999999996,1.0,0
PctOccupManu,1795.0,0.3904011142061281,0.19975251019106588,0.0,0.1,0.245,0.37,0.51,0.76,1.0,0
PctOccupMgmtProf,1795.0,0.44299721448467966,0.1878940303971982,0.0,0.21,0.31,0.4,0.54,0.8229999999999995,1.0,0
MalePctDivorce,1795.0,0.4609303621169916,0.18453374052160335,0.0,0.16,0.33,0.47,0.59,0.75,1.0,0
MalePctNevMarr,1795.0,0.43466295264623955,0.17592068859828783,0.0,0.22700000000000004,0.31,0.4,0.5,0.8,1.0,0
FemalePctDiv,1795.0,0.48678551532033426,0.17587581831794522,0.0,0.2,0.35,0.5,0.62,0.76,1.0,0
TotalPctDiv,1795.0,0.49369916434540395,0.18496562931907545,0.0,0.19,0.35,0.5,0.63,0.79,1.0,0
PersPerFam,1795.0,0.4879052924791087,0.15430089019692594,0.0,0.28,0.4,0.47,0.56,0.8029999999999996,1.0,0
PctFam2Par,1795.0,0.6115487465181059,0.20237207375152472,0.0,0.23,0.49,0.63,0.77,0.91,1.0,0
PctKids2Par,1795.0,0.621359331476323,0.20681300321922744,0.0,0.23,0.49,0.64,0.78,0.92,1.0,0
PctYoungKids2Par,1795.0,0.6639220055710306,0.21965970068039073,0.0,0.24,0.53,0.7,0.84,0.94,1.0,0
PctTeen2Par,1795.0,0.5833147632311978,0.19228598573860872,0.0,0.21,0.48,0.61,0.72,0.85,1.0,0
PctWorkMomYoungKids,1795.0,0.500050139275766,0.16898525838528447,0.0,0.21,0.39,0.51,0.62,0.78,1.0,0
PctWorkMom,1795.0,0.5243676880222842,0.1760316894768061,0.0,0.2,0.42,0.54,0.65,0.79,1.0,0
NumIlleg,1795.0,0.03583286908077995,0.10774321702189682,0.0,0.0,0.0,0.01,0.02,0.13,1.0,0
PctIlleg,1795.0,0.24945961002785516,0.22882007436742874,0.0,0.03,0.09,0.17,0.32,0.76,1.0,0
NumImmig,1795.0,0.029676880222841227,0.084598245876751,0.0,0.0,0.0,0.01,0.02,0.13299999999999956,1.0,0
PctImmigRecent,1795.0,0.3230696378830084,0.21991686162860638,0.0,0.0,0.17,0.29,0.43,0.78,1.0,0
PctImmigRec5,1795.0,0.3617715877437326,0.2121495948283374,0.0,0.06,0.2,0.34,0.48,0.7529999999999996,1.0,0
PctImmigRec8,1795.0,0.40134261838440116,0.20255043867163616,0.0,0.1,0.26,0.39,0.53,0.76,1.0,0
PctImmigRec10,1795.0,0.43021727019498607,0.19530357592624506,0.0,0.12,0.28500000000000003,0.43,0.57,0.75,1.0,0
PctRecentImmig,1795.0,0.18183286908077997,0.23613488136362507,0.0,0.0,0.03,0.09,0.225,0.77,1.0,0
PctRecImmig5,1795.0,0.18208356545961005,0.23618697063480937,0.0,0.01,0.03,0.08,0.23,0.7629999999999996,1.0,0
PctRecImmig8,1795.0,0.1849860724233983,0.23646395763811198,0.0,0.01,0.03,0.09,0.23,0.7629999999999996,1.0,0
PctRecImmig10,1795.0,0.18292479108635099,0.23433692221704297,0.0,0.01,0.03,0.09,0.23,0.75,1.0,0
PctSpeakEnglOnly,1795.0,0.7853481894150418,0.22696221966140506,0.0,0.25,0.73,0.87,0.93,0.97,1.0,0
PctNotSpeakEnglWell,1795.0,0.15035097493036212,0.2198135407338755,0.0,0.01,0.03,0.06,0.16,0.67,1.0,0
PctLargHouseFam,1795.0,0.26793871866295266,0.19742203244773152,0.0,0.09,0.15,0.2,0.31,0.7329999999999995,1.0,0
PctLargHouseOccup,1795.0,0.2522618384401114,0.19191985642692794,0.0,0.08700000000000002,0.14,0.19,0.29,0.71,1.0,0
PersPerOccupHous,1795.0,0.4622339832869081,0.17010217554912035,0.0,0.24,0.34,0.44,0.55,0.79,1.0,0
PersPerOwnOccHous,1795.0,0.49472980501392755,0.15824205657833296,0.0,0.27,0.39,0.48,0.59,0.77,1.0,0
PersPerRentOccHous,1795.0,0.40323676880222836,0.1900890103850094,0.0,0.16700000000000004,0.27,0.36,0.49,0.81,1.0,0
PctPersOwnOccup,1795.0,0.5634874651810585,0.19691824196305074,0.0,0.24,0.44,0.56,0.7,0.89,1.0,0
PctPersDenseHous,1795.0,0.18655710306406686,0.21147083115317666,0.0,0.02,0.06,0.11,0.23,0.6729999999999996,1.0,0
PctHousLess3BR,1795.0,0.4944066852367688,0.17356393274891335,0.0,0.18,0.39,0.51,0.6,0.78,1.0,0
MedNumBR,1795.0,0.3158774373259053,0.2547185618051817,0.0,0.0,0.0,0.5,0.5,0.5,1.0,0
HousVacant,1795.0,0.0767632311977716,0.14958376730467302,0.0,0.01,0.01,0.03,0.07,0.31299999999999956,1.0,0
PctHousOccup,1795.0,0.71808356545961,0.1963780275151382,0.0,0.36700000000000005,0.63,0.77,0.86,0.93,1.0,0
PctHousOwnOcc,1795.0,0.5493203342618385,0.18482775555627048,0.0,0.25,0.435,0.54,0.67,0.87,1.0,0
PctVacantBoarded,1795.0,0.20339832869080782,0.21625894687672131,0.0,0.0,0.06,0.13,0.27,0.71,1.0,0
PctVacMore6Mos,1795.0,0.4327298050139276,0.18847392758638878,0.0,0.15,0.29,0.42,0.56,0.77,1.0,0
MedYrHousBuilt,1795.0,0.494908077994429,0.23223078398563954,0.0,0.0,0.35,0.52,0.67,0.83,1.0,0
PctHousNoPhone,1795.0,0.2639888579387187,0.2436120787539161,0.0,0.01,0.06,0.18,0.42,0.74,1.0,0
PctWOFullPlumb,1795.0,0.2442116991643454,0.20692546759259864,0.0,0.0,0.1,0.19,0.33,0.67,1.0,0
OwnOccLowQuart,1795.0,0.26412813370473537,0.2254633659644066,0.0,0.04,0.09,0.18,0.4,0.73,1.0,0
OwnOccMedVal,1795.0,0.2629805013927577,0.23248926122998112,0.0,0.04,0.09,0.17,0.39,0.7629999999999996,1.0,0
OwnOccHiQuart,1795.0,0.2687799442896936,0.2361919510157672,0.0,0.05,0.09,0.17,0.38,0.81,1.0,0
RentLowQ,1795.0,0.34603899721448467,0.21957486193673115,0.0,0.06,0.17,0.31,0.49,0.76,1.0,0
RentMedian,1795.0,0.37218941504178277,0.20999773794885876,0.0,0.11,0.2,0.33,0.52,0.75,1.0,0
RentHighQ,1795.0,0.4219108635097493,0.24833441344683838,0.0,0.12,0.22,0.37,0.59,0.93,1.0,0
MedRent,1795.0,0.38361002785515325,0.21418223184700086,0.0,0.12,0.21,0.34,0.53,0.79,1.0,0
MedRentPctHousInc,1795.0,0.4896378830083566,0.16871417555894586,0.0,0.24,0.37,0.48,0.59,0.79,1.0,0
MedOwnCostPctInc,1795.0,0.45001114206128134,0.18599157234050648,0.0,0.15,0.32,0.46,0.58,0.75,1.0,0
MedOwnCostPctIncNoMtg,1795.0,0.40383844011142067,0.1910387219436058,0.0,0.15,0.255,0.37,0.51,0.78,1.0,0
NumInShelters,1795.0,0.02849025069637883,0.0978993652620994,0.0,0.0,0.0,0.0,0.01,0.14,1.0,0
NumStreet,1795.0,0.02170473537604457,0.09528278486314351,0.0,0.0,0.0,0.0,0.0,0.09,1.0,0
PctForeignBorn,1795.0,0.21589972144846795,0.23148449959046286,0.0,0.02,0.06,0.13,0.28,0.75,1.0,0
PctBornSameState,1795.0,0.6081225626740948,0.20475938653624634,0.0,0.20700000000000002,0.47,0.63,0.775,0.89,1.0,0
PctSameHouse85,1795.0,0.5349860724233984,0.18160266735767328,0.0,0.21700000000000003,0.42,0.55,0.66,0.83,0.99,0
PctSameCity85,1795.0,0.6262228412256267,0.20125330670058741,0.0,0.21700000000000003,0.53,0.67,0.77,0.88,0.99,0
PctSameState85,1795.0,0.6511866295264624,0.19868880739630118,0.0,0.24,0.56,0.7,0.79,0.88,1.0,0
LemasSwornFT,288.0,0.07027777777777779,0.14253281030402434,0.0,0.01,0.01,0.02,0.052500000000000005,0.29299999999999954,1.0,1507
LemasSwFTPerPop,288.0,0.21541666666666667,0.15858421959272226,0.0,0.08,0.13,0.18,0.25,0.4754999999999984,1.0,1507
LemasSwFTFieldOps,288.0,0.9236458333333333,0.1371190875252715,0.0,0.737,0.94,0.97,0.98,0.98,1.0,1507
LemasSwFTFieldPerPop,288.0,0.2435763888888889,0.15185056288187285,0.0,0.1,0.15,0.21,0.29,0.47,1.0,1507
LemasTotalReq,288.0,0.09881944444444445,0.16361123517548687,0.0,0.01,0.02,0.04,0.09,0.41299999999999953,1.0,1507
LemasTotReqPerPop,288.0,0.21538194444444445,0.16270961271564,0.0,0.07,0.12,0.17,0.25,0.5094999999999993,1.0,1507
PolicReqPerOffic,288.0,0.34881944444444446,0.19944171741385114,0.0,0.1,0.22,0.3,0.4425,0.7464999999999997,1.0,1507
PolicPerPop,288.0,0.21545138888888887,0.15859950348842541,0.0,0.08,0.13,0.18,0.25,0.4754999999999984,1.0,1507
RacialMatchCommPol,288.0,0.6932986111111111,0.22551965789177947,0.0,0.28,0.56,0.745,0.86,0.98,1.0,1507
PctPolicWhite,288.0,0.7247569444444445,0.22831135127789498,0.0,0.28350000000000003,0.62,0.78,0.89,0.98,1.0,1507
PctPolicBlack,288.0,0.21989583333333332,0.24165873420038228,0.0,0.0,0.05,0.12,0.34,0.7629999999999996,1.0,1507
PctPolicHisp,288.0,0.1390625,0.20284085929271317,0.0,0.0,0.01,0.055,0.17250000000000001,0.53,1.0,1507
PctPolicAsian,288.0,0.11201388888888891,0.22071338205684357,0.0,0.0,0.0,0.0,0.12,0.6549999999999977,1.0,1507
PctPolicMinor,288.0,0.26180555555555557,0.23258328927475527,0.0,0.01,0.09,0.2,0.35,0.7729999999999996,1.0,1507
OfficAssgnDrugUnits,288.0,0.07496527777777778,0.12140007365831014,0.0,0.01,0.02,0.04,0.08,0.18649999999999978,1.0,1507
NumKindsDrugsSeiz,288.0,0.5537847222222223,0.20116017724349264,0.0,0.21,0.43,0.57,0.64,0.93,1.0,1507
PolicAveOTWorked,288.0,0.31236111111111114,0.22886779687745853,0.0,0.04,0.14,0.27,0.41,0.7729999999999996,1.0,1507
LandArea,1795.0,0.06528690807799443,0.10789081365582244,0.0,0.01,0.02,0.04,0.07,0.21,1.0,0
PopDens,1795.0,0.2313593314763231,0.20143615251549069,0.0,0.04,0.1,0.17,0.28,0.68,1.0,0
PctUsePubTrans,1795.0,0.16296378830083563,0.2298822254882949,0.0,0.0,0.02,0.07,0.19,0.7329999999999995,1.0,0
PolicCars,288.0,0.15979166666666667,0.2107609202514225,0.0,0.01,0.04,0.07,0.1925,0.6629999999999996,1.0,1507
PolicOperBudg,288.0,0.07597222222222223,0.13932049855028109,0.0,0.01,0.02,0.03,0.06,0.3329999999999996,1.0,1507
LemasPctPolicOnPatr,288.0,0.7006597222222223,0.21404658267937146,0.0,0.22,0.62,0.75,0.84,0.93,1.0,1507
LemasGangUnitDeploy,288.0,0.4565972222222222,0.40771080683882177,0.0,0.0,0.0,0.5,1.0,1.0,1.0,1507
LemasPctOfficDrugUn,1795.0,0.0946908077994429,0.2409692239450932,0.0,0.0,0.0,0.0,0.0,0.71,1.0,0
PolicBudgPerPop,288.0,0.1922222222222222,0.1576523960215992,0.0,0.06,0.11,0.15,0.22,0.4659999999999991,1.0,1507
