k,recon_mse_mean,recon_mse_std,cv_r2_mean,cv_r2_std
3,0.033695626439836965,0.001464742413698143,0.6672111378122468,0.04440390819041661
5,0.030882902711323768,0.0015417587039049192,0.6654308685537684,0.04311626990048637
7,0.03044947335872148,0.0016977496599326544,0.6637188408904503,0.044212603691743284
10,0.030160977033492818,0.0023427202041312353,0.6628928015750879,0.042718770463599114
15,0.0308568735778841,0.0026578492462710226,0.6632732333792833,0.04428828012231604
17,0.03106690805339867,0.0025574962379771218,0.662918568722955,0.04443153226154713
20,0.03125106670653908,0.002581620716281849,0.6629955938966043,0.044678986935701756
25,0.03204063050717703,0.0025592979753083253,0.6633573745570794,0.0444996164041029
30,0.0327756609073188,0.002596159436016611,0.6636583620277667,0.04449371375791586
40,0.03364712716307815,0.002714276404991284,0.6637729524325944,0.04433423351643571
