Model,R2_mean,R2_std,MAE_mean,RMSE_mean,time_s
CatBoost (corrected),0.6729575250999849,0.046518744876610146,0.08949371268471572,0.13391823149571697,24.346259593963623
Ridge (CV),0.6666699814811857,0.0419758171869832,0.0919849154360014,0.1352371804850959,1.977534770965576
Bayesian Ridge,0.66584480072121,0.0421875133490907,0.0918778170713343,0.1354035680260845,1.9213371276855469
ExtraTrees,0.6636531374795198,0.0497356891759646,0.0919140646515084,0.1357572643174684,11.772053718566896
ElasticNet (CV),0.6636328643100041,0.0453623732130185,0.0921809534131029,0.1358255084522154,3.908133983612061
Lasso (CV),0.6633768779194448,0.0461671472359298,0.0921503848606286,0.1358614894573406,2.246948480606079
HistGradientBoosting,0.6595230231787675,0.0515021101545769,0.0908850588243992,0.1367572889449635,3.87520980834961
LightGBM,0.6580820800134008,0.049170843523966,0.0911940634671105,0.137074364149029,5.06734299659729
OLS,0.6563837268528429,0.0436458264010885,0.0938372915924472,0.1374141449240223,5.316207647323608
RandomForest,0.6554982465188681,0.0464511221484961,0.0933424240634358,0.1375200883248617,18.03618788719177
XGBoost (corrected),0.6491475958584518,0.05032926197630956,0.09223201162112239,0.13871865237878073,8.22461462020874
Huber,0.6448748632306116,0.0563441213710526,0.0917684033008635,0.1395214197496929,3.592360496520996
Dummy (mean),-0.0088158414350766,0.009640375841993,0.1755230306106214,0.2358539886951839,6.133522748947144
