feature,importance_mean,importance_std
PctKids2Par,0.06967981085361907,0.003893145773895049
PctIlleg,0.06461059319858779,0.0037344717812083394
racepctblack,0.04756376990347252,0.0038392950815835706
racePctWhite,0.043085596162312,0.0019648425275525846
PctFam2Par,0.030245759368541902,0.0010403142830478953
PctVacantBoarded,0.019034442576589778,0.0010421436050596761
PctYoungKids2Par,0.018864163244835568,0.0007983304557974726
pctWInvInc,0.01784612973326109,0.002452968284661511
MalePctDivorce,0.013653900688769371,0.0013782113436480428
pctUrban,0.013598413052621808,0.0022349834018556146
PctPersDenseHous,0.013527427457537877,0.0009085381671967542
TotalPctDiv,0.012135355982629825,0.000641465832067673
pctWPubAsst,0.012134026018962851,0.0003089236451517578
PctHousOccup,0.011737397489874346,0.0015601794702302769
FemalePctDiv,0.011426044632986429,0.0002923212808102339
PctPopUnderPov,0.011383684421185572,0.00021138222441221557
MedYrHousBuilt,0.011167697025662227,9.905222743282977e-05
PctTeen2Par,0.011057970318607965,0.00039334737772990063
PctHousNoPhone,0.010969527952560601,0.0011312292280218185
AsianPerCap,0.010476271319474742,0.00019292168031430915
PctWorkMom,0.010122273955908331,0.0009565472131214161
MedOwnCostPctIncNoMtg,0.009523132422692093,0.0001650891805397486
PctEmplManu,0.009455824832458881,0.0008540125422583961
NumIlleg,0.009409275478216498,0.00044568196641865134
PctVacMore6Mos,0.009246006835318546,0.00019836396704176292
PctWOFullPlumb,0.00910387265914662,0.0003934248056034869
MedNumBR,0.008937698592240287,0.0014595462839935558
RentLowQ,0.008697151799699284,0.0008898993978477285
MedOwnCostPctInc,0.008690565000561423,0.0004009860441128937
PctOccupManu,0.00853532963645894,0.00041686668019338925
pctWWage,0.008471814243840914,0.00039129627983868956
racePctHisp,0.008451509180233926,0.00020320904537254436
PctUnemployed,0.008330157001218677,0.00016470928552192858
MedRentPctHousInc,0.00821796722291579,0.00020787237074066243
HousVacant,0.008210203517532358,0.00019856629344355893
PctImmigRec8,0.008181200738496893,0.0002448706933635671
pctWRetire,0.00789140693267539,0.00010278735828182675
PctImmigRec10,0.007773559976512079,0.00025110983128172283
PctBornSameState,0.007771885775104311,0.0006579377185030296
OtherPerCap,0.0076602650164912705,0.00016966196127114476
PctWorkMomYoungKids,0.0075114359447781736,0.00045283350835009746
PctHousLess3BR,0.0074710110796343265,0.00058114305825234
PctImmigRecent,0.00745890975209218,0.0002919670317835594
agePct65up,0.007263743352894703,0.0009549620259418725
PctSpeakEnglOnly,0.007074360753375271,0.00016809537208078003
PctPersOwnOccup,0.007021804643766265,0.0006823633806472142
PctSameState85,0.006998193203375321,4.866163356717218e-05
PctImmigRec5,0.006983569603592403,0.00019844881382014958
PctSameCity85,0.006953765499916183,0.0006948929919863747
PopDens,0.006843105191450705,3.311804111649937e-05
PctNotSpeakEnglWell,0.00683681360923986,0.0003443913650082309
PctUsePubTrans,0.006668818576481976,0.0003923053963726537
PctLess9thGrade,0.006660716161478231,0.0004673196144944092
pctWSocSec,0.006508995287304864,0.0007723126145120754
blackPerCap,0.006498760824864373,0.0004957625949645376
RentHighQ,0.006456149632811418,0.0002951281852548739
NumStreet,0.0064366727103207415,0.0003787798088080301
MedRent,0.006371788373659593,0.0006156322735960399
HispPerCap,0.0062862005896524575,9.191301746863214e-05
PctLargHouseFam,0.006175605739193919,0.00011159445802464346
PctEmploy,0.006066469283048807,0.00021119648724235855
OwnOccHiQuart,0.006056943527632419,0.0005129027049404646
PctSameHouse85,0.005976831325484655,0.0004157059558753054
pctWFarmSelf,0.005928819281637909,0.0002506555811201743
PctEmplProfServ,0.005797878810419599,0.00029504401758601717
MalePctNevMarr,0.005797724715750019,0.00029176426264301136
PctNotHSGrad,0.005788191691553461,0.0001532421289168988
PersPerRentOccHous,0.005617289754012211,0.00034321432123923665
PctForeignBorn,0.0055898826845302745,0.0003035728658442975
agePct12t29,0.00537476343892936,0.00060805644198769
RentMedian,0.005359029066811442,0.0001087201051492206
PctHousOwnOcc,0.005243816174429409,0.00032542789425367197
PersPerOccupHous,0.005077745449789561,0.00011151503048802758
OwnOccLowQuart,0.004887807005516054,0.0001344096152554238
PctRecImmig10,0.004851572925825757,0.000532368086027189
PersPerOwnOccHous,0.004745768791528955,0.00022100410473020518
PctRecentImmig,0.0047307916785536515,0.0005494303365337699
OwnOccMedVal,0.00472878602146735,0.0002877421813690131
LemasPctOfficDrugUn,0.0046933189206238195,0.0001493281530676792
PctOccupMgmtProf,0.004579059184790624,0.00023912714711128082
PctLargHouseOccup,0.004551448023082087,0.00011884668237257528
PctBSorMore,0.004486286605285272,0.00018124004433917647
PctRecImmig5,0.00445867816013142,0.00032967199747633305
PersPerFam,0.00444552654559723,2.8638727164945993e-05
whitePerCap,0.004418246550604373,0.00023287827158950618
racePctAsian,0.004360985857274217,0.00042959649620592734
medFamInc,0.004314928595860801,4.704607927694262e-05
medIncome,0.00408046457806388,8.980011401889745e-05
PctRecImmig8,0.003997216532251861,0.0004537537635763507
agePct12t21,0.003715590808691919,0.00020900662705576598
householdsize,0.0034719012819778294,4.493635653881968e-05
RacialMatchCommPol,0.003434836902814209,0.00013026026120819574
NumUnderPov,0.0033941069076999972,0.0002988515311710266
perCapInc,0.003362811095279176,0.0002587448407043267
numbUrban,0.003361927368387659,0.00014950842068201856
LemasGangUnitDeploy,0.0032609080488234707,0.00024036285735940457
LemasSwornFT,0.003241293325093116,0.00034153203980609166
agePct16t24,0.003210494466707884,0.000503391599164955
PctPolicMinor,0.0030232297779537363,0.00027580837761202574
indianPerCap,0.002926709540521396,0.0003007348523322549
PolicAveOTWorked,0.002525982542645392,0.00015423516392929556
PolicReqPerOffic,0.0025203795214412774,0.0003486292943331599
PctPolicBlack,0.0024624189603610347,0.00021571571511819633
population,0.002454279283613192,0.00010916822176968313
LandArea,0.0024033704455758143,0.00013163695397458295
LemasPctPolicOnPatr,0.002318200644285562,0.0004298585384160678
PctPolicAsian,0.002298593077251591,0.0003555742336364474
NumKindsDrugsSeiz,0.0021957199882193614,0.0003405813606402028
PctPolicWhite,0.0021809699170843486,0.0002009110734113628
LemasTotReqPerPop,0.002142560798274388,0.0006675941702126941
NumImmig,0.0019561573460290527,5.4379241260637054e-05
NumInShelters,0.0018287745258974326,0.00025524729466788856
LemasSwFTPerPop,0.001703040814429846,0.0006299084122403009
PolicPerPop,0.0016836822010335057,0.0006084643522183985
LemasSwFTFieldPerPop,0.0016073992576755014,0.0004250681660037864
PolicBudgPerPop,0.0015650613638585886,0.0002541055377671499
LemasTotalReq,0.0014183365609488445,0.00026301216644561166
PctPolicHisp,0.0013637085487820944,0.00023478532235964318
PolicCars,0.001195978922548228,0.00029372441079417334
PolicOperBudg,0.0010993483434951583,0.00025549521770524885
OfficAssgnDrugUnits,0.0008421040576631992,7.718734714428923e-05
LemasSwFTFieldOps,0.0004863550602033732,5.46408504135341e-05
